relative_path,file_size_bytes,width,height,channels,brightness,contrast,blur_score,fixed_threshold,fixed_foreground_fraction,otsu_threshold,otsu_foreground_fraction,foreground_fraction_delta
camera.png,139512,512,512,1,129.060726,73.644847,1133.162694,127.000000,0.643002,102.000000,0.678955,0.035954
clock_motion.png,58784,400,300,1,146.331533,20.914467,24.286693,127.000000,0.879500,174.000000,0.064917,0.814583
coffee.png,466706,600,400,3,103.651612,58.115493,1541.184603,127.000000,0.330983,104.000000,0.485267,0.154283
hubble_deep_field.jpg,527940,1000,872,3,19.359755,26.240702,537.224006,127.000000,0.018469,80.000000,0.032195,0.013726
rocket.jpg,112525,640,427,3,60.972695,30.642984,820.868653,127.000000,0.033244,74.000000,0.245942,0.212698
