scenario,method,threshold,iou,precision,recall,f1
uniform_clean,fixed,127.00,1.000000,1.000000,1.000000,1.000000
uniform_clean,otsu,45.00,1.000000,1.000000,1.000000,1.000000
shifted_low_contrast,fixed,127.00,0.332828,0.332828,1.000000,0.499431
shifted_low_contrast,otsu,153.00,0.914105,0.929887,0.981772,0.955125
uneven_illumination,fixed,127.00,0.452812,0.487419,0.864455,0.623359
uneven_illumination,otsu,110.00,0.452910,0.454337,0.993109,0.623452
high_noise,fixed,127.00,0.952560,0.979502,0.971935,0.975704
high_noise,otsu,118.00,0.945285,0.958097,0.986051,0.971873
